Date;2024-12-04 15:39:56;Config settings;{'BrownianMotion': {'N': 20, 'x0': '10 * np.random.randn(N, 2)', 'mu': '0', 'D': '0.1', 'id': 'Targets'}, 'SimpleIntegrators': {'N': 10, 'x0': '10 * np.random.randn(N, 2)', 'id': 'Herders'}, 'integrator': {'dt': 0.05}, 'simulator': {'dt': 0.05, 'T': 50}, 'environment': {'dimensions': [50, 50]}, 'renderer': {'background_color': 'white', 'agent_colors': ['blue', 'red'], 'render_mode': 'pygame', 'render_dt': 0.05}, 'logger': {'log_freq': 0, 'save_freq': 10, 'comment_enable': False, 'log_path': '/../logs', 'log_name': ''}, 'repulsion': {'ity': 3, 'dis': 2.5}};Comment;
['Step', 0];['Population', 'Targets'];"['State', array([  3.56059178, -10.77315657, -10.28264783,  13.54046758,
        -4.12871109,   8.1554365 , -13.42309943,   2.52564152,
        -6.35068593,  -4.1863743 ,  -9.12405245,   1.46220436,
         9.40800753,  -8.05785279, -12.23777536,   1.28460047,
         6.67635256,  -4.52443769, -12.68487711,  -7.43164295,
       -12.33852514,  17.24370983, -13.1118506 ,  -3.43723192,
         6.35659649,   0.48487652,   3.31083023, -10.30268439,
        16.41744446,   7.12532578,  -1.51137653,  -8.80661753,
         9.03775546, -16.2124132 ,  -0.98497416, -11.62213134,
         5.02027081, -10.38522357,   0.7749553 ,  -0.49790037])]";"['Control input', array([0., 0., 0., 0., 0., 0., 0., 0., 0., 0., 0., 0., 0., 0., 0., 0., 0.,
       0., 0., 0., 0., 0., 0., 0., 0., 0., 0., 0., 0., 0., 0., 0., 0., 0.,
       0., 0., 0., 0., 0., 0.])]";"['External forces', array([0., 0., 0., 0., 0., 0., 0., 0., 0., 0., 0., 0., 0., 0., 0., 0., 0.,
       0., 0., 0., 0., 0., 0., 0., 0., 0., 0., 0., 0., 0., 0., 0., 0., 0.,
       0., 0., 0., 0., 0., 0.])]";['Population', 'Herders'];"['State', array([ 18.56535789,  -0.24745454,   7.64582472,   2.53001566,
        -5.36065025,  -6.86971123,   0.56267629,  -5.09875717,
        -9.11723359,   3.80400647,  -6.41067481,  -4.63604899,
        -7.60746588,   8.44568021,  15.69006479,  -7.87826984,
       -10.82720198,   0.39347428, -10.99447291,  -6.29756218])]";"['Control input', array([0., 0., 0., 0., 0., 0., 0., 0., 0., 0., 0., 0., 0., 0., 0., 0., 0.,
       0., 0., 0.])]";"['External forces', array([0., 0., 0., 0., 0., 0., 0., 0., 0., 0., 0., 0., 0., 0., 0., 0., 0.,
       0., 0., 0.])]";"['Env', array([<Environments.empty_environment.EmptyEnvironment object at 0x0000026D112A4850>],
      dtype=object)]"
['Step', 10];['Population', 'Targets'];"['State', array([  3.53629913, -10.95280107,  -9.814965  ,  13.9053911 ,
        -4.12597834,   8.09049695, -13.89017288,   3.74092753,
        -5.49971277,  -2.87294513,  -9.00383575,   1.12903841,
         9.59219147,  -7.90720889, -12.59638669,   3.07336468,
         6.63449712,  -4.53574083, -14.21656313,  -9.00293036,
       -12.43453711,  17.52867027, -13.00039792,  -3.57905167,
         5.608513  ,   0.0412349 ,   3.18686223, -10.66386758,
        16.38159829,   7.191463  ,  -1.26492948,  -8.67453655,
         8.89837836, -16.27954577,  -0.57898254, -11.78521786,
         5.0447316 , -10.71175879,   0.67324742,  -0.57721501])]";"['Control input', array([0., 0., 0., 0., 0., 0., 0., 0., 0., 0., 0., 0., 0., 0., 0., 0., 0.,
       0., 0., 0., 0., 0., 0., 0., 0., 0., 0., 0., 0., 0., 0., 0., 0., 0.,
       0., 0., 0., 0., 0., 0.])]";['External forces', array([0])];['Population', 'Herders'];"['State', array([ 17.79538269,   6.06608227,   7.36995775,   0.72282597,
        -1.88062893, -11.74073083,   6.93501925,  -8.89019941,
        -7.75973854,   4.97902952,  -6.83918616,  -3.9946172 ,
       -12.00782277,  16.35060951,  10.79143515, -15.46194054,
       -14.11925545,   2.71297622, -13.86324895,  -8.31987874])]";"['Control input', array([-0.67055621,  5.56767677, -1.17201895, -2.23017928,  3.9347509 ,
       -4.49902631, 12.69526535,  0.7070611 , 10.90276487, 15.08417176,
        0.68969761,  1.71771193, -3.93229806,  7.12218047, -4.37567421,
       -6.60792952, -3.60523274,  3.99229109, -4.5388687 , -3.84189043])]";['External forces', array([0])];"['Env', array([<Environments.empty_environment.EmptyEnvironment object at 0x0000026D112A4850>],
      dtype=object)]"
['Step', 20];['Population', 'Targets'];"['State', array([  3.44640986, -10.97614971,  -9.81323646,  14.006552  ,
        -4.14153933,   8.05356255, -12.6187776 ,   4.76806316,
        -4.86894666,  -2.44224788,  -9.03818524,   0.73292745,
        10.23818452,  -7.0026128 , -12.23152965,   3.03430651,
         6.48845804,  -4.63006267, -13.66975944, -11.0105009 ,
       -12.53161811,  19.89280268, -12.98305456,  -3.6048202 ,
         4.80845345,  -0.04744181,   3.20285413, -10.57810203,
        15.2878215 ,   7.55529957,  -1.23967726,  -8.72935751,
         7.76730873, -16.26272543,   0.65102359, -11.27393155,
         5.00527042, -10.70423738,   0.65700513,  -0.67392223])]";"['Control input', array([0., 0., 0., 0., 0., 0., 0., 0., 0., 0., 0., 0., 0., 0., 0., 0., 0.,
       0., 0., 0., 0., 0., 0., 0., 0., 0., 0., 0., 0., 0., 0., 0., 0., 0.,
       0., 0., 0., 0., 0., 0.])]";['External forces', array([0])];['Population', 'Herders'];"['State', array([ 17.09453462,   7.6023253 ,   7.19014724,  -2.3973708 ,
         0.32996262, -12.58835904,  10.18988262,  -8.40991472,
        -9.59119986,   2.22693757,  -9.46044914,  -3.64109584,
       -13.14115557,  19.20554191,   9.22127678, -17.06370551,
       -14.34011423,   4.47138489, -14.91106389, -10.52061071])]";"['Control input', array([ -1.9874082 ,   1.65196079,   1.23330126, -10.44100226,
        12.4350615 ,   1.51821487,   3.78650839,   1.84378265,
        -2.44086852,  -4.31862032, -16.73132479,  -1.06066081,
        -0.84949611,   5.34429713,  -2.79258034,  -1.28715012,
         1.43377906,   2.26705129,   0.33463122,  -4.08804477])]";['External forces', array([0])];"['Env', array([<Environments.empty_environment.EmptyEnvironment object at 0x0000026D112A4850>],
      dtype=object)]"
['Step', 30];['Population', 'Targets'];"['State', array([  3.65289055, -10.20037232,  -9.75579953,  14.02232122,
        -4.03138222,   8.07107103, -11.6170754 ,   4.83491527,
        -4.91083908,  -2.44832117,  -8.87990031,   0.47105503,
         9.94224134,  -5.81703085, -12.23317417,   2.83859845,
         5.51427229,  -5.37008445, -12.28348952, -11.18592913,
       -10.77675348,  20.38428479, -14.40480471,  -3.19511784,
         4.81575203,  -0.03967745,   3.25984292, -10.09335781,
        14.29676554,   7.32856213,  -1.28091788,  -8.73834294,
         6.8541077 , -15.61724136,   0.62731514, -10.75088717,
         5.29785617, -10.434764  ,   0.58493192,  -0.69644822])]";"['Control input', array([0., 0., 0., 0., 0., 0., 0., 0., 0., 0., 0., 0., 0., 0., 0., 0., 0.,
       0., 0., 0., 0., 0., 0., 0., 0., 0., 0., 0., 0., 0., 0., 0., 0., 0.,
       0., 0., 0., 0., 0., 0.])]";['External forces', array([0])];['Population', 'Herders'];"['State', array([ 16.05814456,   7.9172627 ,   6.99297486,  -5.20766675,
         4.60437393, -11.95697162,  10.97138212,  -7.18696764,
        -5.83010766,   7.49877507, -13.7457638 ,  -3.79701002,
       -12.31767298,  21.04433807,   8.00133253, -17.05920756,
       -13.43525659,   5.15730819, -13.97469869, -11.73711598])]";"['Control input', array([-1.99227003, -0.06490749, -1.65886582, -3.4793113 ,  4.26420521,
        1.04320321,  0.20733987,  2.37627925,  4.10912617,  5.80495734,
       -5.81275197,  0.62495372,  2.76649138,  1.70192842, -2.07899755,
        0.77162786,  1.94260979,  0.57492996,  2.26503673, -1.19215092])]";['External forces', array([0])];"['Env', array([<Environments.empty_environment.EmptyEnvironment object at 0x0000026D112A4850>],
      dtype=object)]"
['Step', 40];['Population', 'Targets'];"['State', array([  3.47189409, -10.11253701,  -9.86609809,  14.17271488,
        -3.71753467,   8.28653031, -11.22502176,   4.71662415,
        -4.92291235,  -2.52182404,  -8.82602005,   0.46491698,
         9.25933157,  -5.00537834, -11.83877401,   2.31231546,
         4.28548679,  -5.24854791, -11.43277506, -10.69159713,
        -9.90079455,  19.65903355, -14.646642  ,  -1.30710074,
         4.87632041,  -0.03026198,   3.24637485, -10.04044111,
        13.37003438,   6.97793783,  -1.33027577,  -8.76036409,
         6.25913952, -14.79726295,   0.62753481, -10.93260106,
         5.45253693,  -9.26231667,   0.5446027 ,  -0.79460537])]";"['Control input', array([0., 0., 0., 0., 0., 0., 0., 0., 0., 0., 0., 0., 0., 0., 0., 0., 0.,
       0., 0., 0., 0., 0., 0., 0., 0., 0., 0., 0., 0., 0., 0., 0., 0., 0.,
       0., 0., 0., 0., 0., 0.])]";['External forces', array([0])];['Population', 'Herders'];"['State', array([ 15.08186268,   7.74730293,   5.87954625,  -6.09193148,
         4.97628795, -11.33249362,  10.73914948,  -6.16566668,
        -9.14280999,  13.09724715, -15.56944984,  -2.49051638,
       -11.11489716,  21.04807944,   7.18836374, -16.46871716,
       -13.20523769,   3.74667735, -12.93558766, -11.80029608])]";"['Control input', array([ -1.80975948,  -0.57418208,  -2.38280257,  -0.56900676,
       -15.10878885,  -2.88657245,  -0.90446204,   1.71406836,
        -4.93842058,   6.86062876,  -1.34432532,   3.31927953,
         2.03977155,  -0.88865761,  -1.37456669,   1.42038252,
         2.89202576,   5.14240858,   1.84115677,   0.63367323])]";['External forces', array([0])];"['Env', array([<Environments.empty_environment.EmptyEnvironment object at 0x0000026D112A4850>],
      dtype=object)]"
['Step', 50];['Population', 'Targets'];"['State', array([  3.23913989,  -9.49929878, -11.03740432,  16.24248254,
        -3.66167174,   8.35140601, -10.65695239,   4.94407436,
        -4.96554805,  -2.60408187,  -8.89748019,   0.33987835,
         8.57664701,  -4.48821932, -11.56642073,   1.97903276,
         3.96571971,  -5.02750781, -10.83446488,  -9.94570961,
        -9.23978719,  19.03944597, -13.64532131,  -0.60535921,
         4.90516646,   0.04747862,   3.23128952,  -9.65174335,
        12.57295082,   6.56975556,  -1.32808839,  -8.83948829,
         5.99392308, -13.93606654,   0.26932093, -10.60512059,
         5.38056342,  -9.88483079,   0.60627951,  -0.81031299])]";"['Control input', array([0., 0., 0., 0., 0., 0., 0., 0., 0., 0., 0., 0., 0., 0., 0., 0., 0.,
       0., 0., 0., 0., 0., 0., 0., 0., 0., 0., 0., 0., 0., 0., 0., 0., 0.,
       0., 0., 0., 0., 0., 0.])]";['External forces', array([0])];['Population', 'Herders'];"['State', array([ 14.22035281,   7.40466836,   5.96225163,  -9.06157527,
         1.45785292, -11.90829614,  10.13554802,  -5.47829476,
       -10.84582295,  15.68018578, -15.34876347,  -1.24773218,
       -10.25004632,  20.56848602,   6.67526902, -15.67028779,
       -12.81947692,   3.33270608, -12.19056439, -11.23683199])]";"['Control input', array([-1.6966837 , -0.77574018,  0.46927854, -6.11730219, -3.63825243,
       -0.01753424, -1.23906822,  1.13545695, -2.83524349,  4.76581547,
        1.34209046,  1.75828457,  1.5288583 , -1.1214512 , -0.74680152,
        1.71082779, -0.15019649, -3.88505781,  1.39007766,  1.33307626])]";['External forces', array([0])];"['Env', array([<Environments.empty_environment.EmptyEnvironment object at 0x0000026D112A4850>],
      dtype=object)]"
['Step', 60];['Population', 'Targets'];"['State', array([  3.26546018,  -9.49436535, -10.24336523,  18.06339789,
        -3.67603078,   8.38907848, -10.33693819,   5.05531107,
        -4.95684483,  -2.62251717,  -8.91976447,   0.54539117,
         7.74968898,  -3.92545396, -11.3530206 ,   1.61528961,
         4.00629914,  -5.10414686, -10.30921552,  -9.19485717,
        -8.68246407,  18.26728561, -12.63372294,  -0.44288126,
         4.98591579,   0.04137869,   3.22208339,  -9.65135139,
        11.66885862,   6.26198303,  -1.5353913 ,  -8.92788853,
         5.56810624, -13.11201763,  -0.23205841,  -9.68267961,
         3.71262326, -10.34707485,   0.70990166,  -0.84338291])]";"['Control input', array([0., 0., 0., 0., 0., 0., 0., 0., 0., 0., 0., 0., 0., 0., 0., 0., 0.,
       0., 0., 0., 0., 0., 0., 0., 0., 0., 0., 0., 0., 0., 0., 0., 0., 0.,
       0., 0., 0., 0., 0., 0.])]";['External forces', array([0])];['Population', 'Herders'];"['State', array([ 13.37069624,   7.04177833,   5.07941219, -11.03996597,
         0.23048524, -11.45873158,   9.3975227 ,  -4.84396   ,
       -11.3684336 ,  18.08426152, -14.51798979,  -0.67237068,
        -9.61835251,  19.86518067,   6.30710918, -14.80690897,
       -12.47194969,   3.09505462, -11.59775567, -10.50542585])]";"['Control input', array([-1.82446385, -0.66283403, -2.88333691, -1.89528901, -1.6112019 ,
        1.4804816 , -1.51129073,  1.13321109,  0.99054249,  3.84540421,
        1.83653901,  0.6392009 ,  1.2233758 , -1.42496295, -0.7714305 ,
        1.51924024, -0.58486988, -4.38583255,  1.13930638,  1.68318897])]";['External forces', array([0])];"['Env', array([<Environments.empty_environment.EmptyEnvironment object at 0x0000026D112A4850>],
      dtype=object)]"
['Step', 70];['Population', 'Targets'];"['State', array([  3.07063385,  -9.13837106,  -9.16444676,  16.80721087,
        -3.70690359,   8.27020954, -10.10001203,   5.27317128,
        -4.96047439,  -2.75970864,  -8.76863416,   0.46171406,
         7.00459512,  -3.44434224, -11.25818185,   1.41579611,
         4.01621059,  -4.82832848,  -9.61848762,  -8.57643382,
        -8.07936113,  17.44790499, -11.68063964,  -0.55745619,
         4.89847684,  -0.05575214,   3.0125327 ,  -9.21964181,
        10.81375993,   5.82064772,  -1.57292728,  -8.77555962,
         5.37951895, -12.61503963,  -0.32691826,  -8.66000524,
         3.03557227,  -9.38754428,   0.67079872,  -0.82849805])]";"['Control input', array([0., 0., 0., 0., 0., 0., 0., 0., 0., 0., 0., 0., 0., 0., 0., 0., 0.,
       0., 0., 0., 0., 0., 0., 0., 0., 0., 0., 0., 0., 0., 0., 0., 0., 0.,
       0., 0., 0., 0., 0., 0.])]";['External forces', array([0])];['Population', 'Herders'];"['State', array([ 12.49841684,   6.68614676,   3.94510574, -11.01850731,
        -0.77289452, -10.57677457,   8.63323275,  -4.3242337 ,
       -10.35462323,  18.39175782, -13.59317577,  -0.55203343,
        -8.9785906 ,  19.10643381,   5.97110811, -14.18339273,
       -12.05269422,   3.56808744, -10.9320224 ,  -9.8271807 ])]";"['Control input', array([-1.7365248 , -0.71668174, -1.67192455,  1.11111894, -3.40306002,
        1.71292617, -1.56040004,  0.87447283,  1.90050034, -1.22529905,
        1.83433188, -0.14222227,  1.24213553, -1.58864805, -0.34703639,
        1.21549264,  2.97026923,  8.13591341,  1.25504058,  1.31051131])]";['External forces', array([0])];"['Env', array([<Environments.empty_environment.EmptyEnvironment object at 0x0000026D112A4850>],
      dtype=object)]"
['Step', 80];['Population', 'Targets'];"['State', array([ 2.82119206e+00, -8.43168484e+00, -8.80941149e+00,  1.58737152e+01,
       -3.70046442e+00,  8.21192159e+00, -9.37856810e+00,  5.38476210e+00,
       -4.96277633e+00, -2.78385322e+00, -8.74893496e+00,  4.26362437e-01,
        6.09198232e+00, -3.09132111e+00, -1.09504179e+01,  1.47430743e+00,
        3.95606841e+00, -4.87023240e+00, -8.97669461e+00, -7.95060944e+00,
       -7.57789598e+00,  1.65127687e+01, -1.07849981e+01, -5.69353168e-01,
        4.94868289e+00, -3.64711544e-02,  2.81070719e+00, -8.47047385e+00,
        9.97584644e+00,  5.38896529e+00, -1.74291186e+00, -7.86546569e+00,
        5.14125336e+00, -1.17876543e+01,  9.75434333e-04, -8.19231692e+00,
        2.53725117e+00, -8.53808076e+00,  6.97770631e-01, -8.34039171e-01])]";"['Control input', array([0., 0., 0., 0., 0., 0., 0., 0., 0., 0., 0., 0., 0., 0., 0., 0., 0.,
       0., 0., 0., 0., 0., 0., 0., 0., 0., 0., 0., 0., 0., 0., 0., 0., 0.,
       0., 0., 0., 0., 0., 0.])]";['External forces', array([0])];['Population', 'Herders'];"['State', array([ 11.6532817 ,   6.25472134,   3.26908416, -10.27615636,
        -1.4381131 ,  -9.75746803,   7.82455469,  -3.91691858,
        -9.72914807,  17.54603038, -12.68124678,   0.59317332,
        -8.43181242,  18.25762383,   5.82079934, -13.49391184,
       -11.05844712,   5.50983589, -10.30718793,  -9.23700327])]";"['Control input', array([-1.66865777, -0.9008127 , -1.10514715,  1.6013428 ,  5.01119599,
        1.02058756, -1.77387218,  0.79049363,  0.84291984, -1.80061769,
        1.43077324,  3.46995595,  1.02416488, -1.88375799, -0.3711669 ,
        1.5036159 ,  1.92459044,  1.83221164,  1.220431  ,  1.37228283])]";['External forces', array([0])];"['Env', array([<Environments.empty_environment.EmptyEnvironment object at 0x0000026D112A4850>],
      dtype=object)]"
['Step', 90];['Population', 'Targets'];"['State', array([ 2.60780653e+00, -7.59670193e+00, -8.29917931e+00,  1.49922594e+01,
       -3.75718163e+00,  8.30506244e+00, -8.39306581e+00,  5.01821405e+00,
       -5.08190277e+00, -2.84513031e+00, -8.59814596e+00,  4.62397541e-01,
        5.23604441e+00, -2.76782013e+00, -1.02319808e+01,  1.68349037e+00,
        3.72874968e+00, -4.76669127e+00, -8.22779759e+00, -7.34235807e+00,
       -7.09010016e+00,  1.56751459e+01, -1.04509542e+01, -9.44430230e-01,
        4.99342688e+00,  1.45345017e-03,  2.56322187e+00, -7.59034461e+00,
        9.15039945e+00,  4.81596442e+00, -2.07804427e+00, -7.41825083e+00,
        4.79921917e+00, -1.09616907e+01,  5.04859091e-01, -7.56705363e+00,
        2.09385556e+00, -7.71630998e+00,  7.60294669e-01, -8.69724831e-01])]";"['Control input', array([0., 0., 0., 0., 0., 0., 0., 0., 0., 0., 0., 0., 0., 0., 0., 0., 0.,
       0., 0., 0., 0., 0., 0., 0., 0., 0., 0., 0., 0., 0., 0., 0., 0., 0.,
       0., 0., 0., 0., 0., 0.])]";['External forces', array([0])];['Population', 'Herders'];"['State', array([ 10.79490897,   5.77284006,   2.97026336,  -9.42363414,
        -1.32656025,  -9.11903182,   6.63496431,  -3.9013355 ,
        -9.26885254,  16.65862417, -12.06497669,  -0.12472014,
        -7.93265202,  17.36344999,   5.50248383, -12.65739984,
       -10.09018501,   5.79273221,  -9.65242892,  -8.5739893 ])]";"['Control input', array([-1.650297  , -1.00092171,  0.21447033,  1.90072911, -3.60355889,
        1.45357988, -7.49442679, -6.52288845,  1.05687508, -1.75377112,
        1.03747372, -3.01894724,  0.89824201, -1.66829959, -0.565413  ,
        1.61221973,  1.93746599, -0.25760364,  1.41975289,  1.32799686])]";['External forces', array([0])];"['Env', array([<Environments.empty_environment.EmptyEnvironment object at 0x0000026D112A4850>],
      dtype=object)]"
['Step', 100];['Population', 'Targets'];"['State', array([  2.55142355,  -6.70559875,  -8.03224212,  14.10596316,
        -3.77033623,   8.29565696,  -7.67709071,   4.46626808,
        -5.11773898,  -2.79716041,  -8.51520876,   0.4506517 ,
         4.94746398,  -2.47362751,  -9.90203119,   1.99391231,
         3.04455906,  -4.54824879,  -7.62851561,  -6.62459127,
        -6.65481573,  14.73422423, -10.11084133,  -1.2389911 ,
         4.85066281,   0.10655418,   2.39995013,  -6.75717166,
         8.43571187,   4.38768176,  -2.24567064,  -6.93604246,
         4.64289562, -10.09134884,   0.79186855,  -7.06693422,
         1.58452233,  -7.09144157,   0.71255132,  -0.82029598])]";"['Control input', array([0., 0., 0., 0., 0., 0., 0., 0., 0., 0., 0., 0., 0., 0., 0., 0., 0.,
       0., 0., 0., 0., 0., 0., 0., 0., 0., 0., 0., 0., 0., 0., 0., 0., 0.,
       0., 0., 0., 0., 0., 0.])]";['External forces', array([0])];['Population', 'Herders'];"['State', array([ 10.03427614,   5.29981317,   2.76023837,  -8.57866792,
        -0.61307921,  -8.65701309,   4.65786171,  -5.32907843,
        -8.81141281,  15.80487648, -11.53764828,   0.8289014 ,
        -7.45153942,  16.48156206,   5.28495711, -11.80351637,
        -7.4387312 ,   7.08919676,  -9.02339344,  -7.89758754])]";"['Control input', array([-1.59359951, -0.90766255, -3.06934056,  0.87275835, -7.0479966 ,
        1.96722111, -2.86750145, -1.16807385,  0.68655148, -1.92644092,
        0.69986314, -7.84122063,  0.81523465, -1.83962331, -0.21589486,
        1.74800281, 11.14937651,  8.36993854,  1.32107404,  1.29716732])]";['External forces', array([0])];"['Env', array([<Environments.empty_environment.EmptyEnvironment object at 0x0000026D112A4850>],
      dtype=object)]"
['Step', 110];['Population', 'Targets'];"['State', array([ 2.52134486e+00, -6.12603835e+00, -7.71097140e+00,  1.32014404e+01,
       -3.19899053e+00,  8.25930926e+00, -7.72348287e+00,  4.46255031e+00,
       -5.17940005e+00, -2.80808529e+00, -8.52608630e+00,  4.71945128e-01,
        4.67582140e+00, -1.91294496e+00, -9.83235472e+00,  2.07903521e+00,
        2.72177233e+00, -4.42046804e+00, -6.88521776e+00, -5.92730084e+00,
       -6.19179470e+00,  1.39438684e+01, -9.67281240e+00, -1.71068323e+00,
        4.83473913e+00, -3.87493914e-03,  2.41024206e+00, -6.03997415e+00,
        7.56109429e+00,  4.02511806e+00, -2.54671834e+00, -6.06405798e+00,
        4.10486834e+00, -9.27610044e+00,  3.93166762e-01, -6.55540016e+00,
        1.14943849e+00, -6.28269848e+00,  7.17644001e-01, -8.10368929e-01])]";"['Control input', array([0., 0., 0., 0., 0., 0., 0., 0., 0., 0., 0., 0., 0., 0., 0., 0., 0.,
       0., 0., 0., 0., 0., 0., 0., 0., 0., 0., 0., 0., 0., 0., 0., 0., 0.,
       0., 0., 0., 0., 0., 0.])]";['External forces', array([0])];['Population', 'Herders'];"['State', array([  9.21227674,   4.86630858,   1.60971515,  -8.07821474,
        -2.44978418,  -7.86916038,   4.75189969,  -4.40013111,
        -8.54346796,  14.87726254, -11.22752983,   0.41027532,
        -6.9825967 ,  15.64437474,   4.94172448, -10.96545362,
        -4.7617404 ,   8.98215579,  -8.34793763,  -7.2009158 ])]";"['Control input', array([-1.76902803, -0.73697139,  4.98671493,  2.75929082, -2.0567963 ,
        1.93671711, -4.72483897, -3.87099245,  0.58229354, -1.64097615,
        0.59883065,  6.82100654,  0.95405171, -1.47984139, -0.99993288,
        1.63976153,  3.41620393,  1.65716156,  1.43467489,  1.30565623])]";['External forces', array([0])];"['Env', array([<Environments.empty_environment.EmptyEnvironment object at 0x0000026D112A4850>],
      dtype=object)]"
['Step', 120];['Population', 'Targets'];"['State', array([ 2.56264309, -5.5463867 , -7.3119887 , 12.43501541, -2.33034014,
        7.57838412, -7.6393042 ,  4.40767187, -5.12721781, -2.82410405,
       -8.4788268 ,  0.52294777,  4.62406261, -1.45517471, -9.41506954,
        2.41640106,  2.23285162, -4.37475935, -6.2823255 , -5.33771415,
       -5.73141089, 13.11404043, -9.56419975, -1.8720236 ,  4.83843191,
       -0.03700661,  2.34251001, -5.52644665,  6.76392453,  3.54555334,
       -2.44223644, -5.05114146,  3.79121051, -8.40081091, -0.10060584,
       -6.08627272,  0.77191555, -5.63896325,  0.67115045, -0.75588322])]";"['Control input', array([0., 0., 0., 0., 0., 0., 0., 0., 0., 0., 0., 0., 0., 0., 0., 0., 0.,
       0., 0., 0., 0., 0., 0., 0., 0., 0., 0., 0., 0., 0., 0., 0., 0., 0.,
       0., 0., 0., 0., 0., 0.])]";['External forces', array([0])];['Population', 'Herders'];"['State', array([  8.39025426,   4.43960414,   0.9345532 ,  -7.57035486,
        -2.92976687,  -6.84505099,   4.86700265,  -3.5584428 ,
        -8.22971292,  14.00098565, -10.99034058,  -0.7132381 ,
        -6.56031613,  14.81676751,   4.54116331, -10.13953021,
        -3.40533012,   9.03210567,  -7.64858324,  -6.55711245])]";"['Control input', array([-1.60065421, -0.86275459, -3.4849753 ,  0.56437762, -0.31274177,
        2.00374779, -7.19927332, -6.83171962,  0.69339496, -1.59771854,
        0.39998317, -4.72428228,  0.88512029, -1.56860845, -0.66259837,
        1.71517549,  2.30235135, -0.76387398,  1.24059764,  1.20417369])]";['External forces', array([0])];"['Env', array([<Environments.empty_environment.EmptyEnvironment object at 0x0000026D112A4850>],
      dtype=object)]"
['Step', 130];['Population', 'Targets'];"['State', array([ 2.64366933e+00, -4.84102072e+00, -6.75168050e+00,  1.15716610e+01,
       -1.87314123e+00,  6.72405051e+00, -7.60836571e+00,  4.41001150e+00,
       -5.27632741e+00, -2.86515071e+00, -8.42961919e+00,  5.03222457e-01,
        4.66441045e+00, -1.16072682e+00, -9.08895875e+00,  2.73691701e+00,
        2.00001710e+00, -4.33662783e+00, -5.57750335e+00, -4.63833334e+00,
       -5.39721130e+00,  1.22821003e+01, -9.44487924e+00, -2.14948916e+00,
        4.82860463e+00, -2.96824940e-02,  2.26280801e+00, -4.73096405e+00,
        6.00876680e+00,  3.06572350e+00, -2.21918943e+00, -4.26927431e+00,
        3.96532474e+00, -7.81731480e+00,  6.73173569e-03, -5.85223014e+00,
        5.92527886e-01, -5.33763492e+00,  6.76446332e-01, -8.32097426e-01])]";"['Control input', array([0., 0., 0., 0., 0., 0., 0., 0., 0., 0., 0., 0., 0., 0., 0., 0., 0.,
       0., 0., 0., 0., 0., 0., 0., 0., 0., 0., 0., 0., 0., 0., 0., 0., 0.,
       0., 0., 0., 0., 0., 0.])]";['External forces', array([0])];['Population', 'Herders'];"['State', array([  7.61360964,   3.93078067,   2.70833831,  -6.60605037,
        -1.42538117,  -6.79968599,   5.0414391 ,  -2.84642363,
        -7.74280156,  13.22733158, -10.68027664,   0.5130996 ,
        -6.13299737,  13.96468218,   4.40083251,  -9.33572172,
        -2.56502418,   8.42837994,  -6.97898222,  -5.90817531])]";"['Control input', array([ -1.3755663 ,  -1.02802996,   1.69032204,   1.94360037,
         4.71491663,  -1.25503488,   2.94944199,   4.46727652,
         1.13676311,  -1.70359129,   0.08689936, -10.11774199,
         0.78774345,  -1.67078667,   0.35734353,   1.23852998,
         1.21893642,  -1.45367632,   1.38064589,   1.41107829])]";['External forces', array([0])];"['Env', array([<Environments.empty_environment.EmptyEnvironment object at 0x0000026D112A4850>],
      dtype=object)]"
['Step', 140];['Population', 'Targets'];"['State', array([ 2.40156682, -3.8175886 , -6.41400759, 10.75653653, -1.45899443,
        5.88312895, -7.61458166,  4.35869023, -5.24388414, -2.8317514 ,
       -8.24451022,  0.52800581,  3.68002454, -0.34354043, -9.114053  ,
        2.74858307,  1.82352605, -3.95052342, -4.845795  , -4.09556368,
       -4.99518507, 11.36373312, -8.94213914, -2.51974729,  4.37450331,
        0.67633461,  1.95297005, -3.94744539,  5.20044703,  2.54237346,
       -2.376182  , -4.17778042,  4.32697414, -7.1139838 ,  0.55841383,
       -4.76160215,  0.86625095, -4.87497494,  0.63663445, -0.8205462 ])]";"['Control input', array([0., 0., 0., 0., 0., 0., 0., 0., 0., 0., 0., 0., 0., 0., 0., 0., 0.,
       0., 0., 0., 0., 0., 0., 0., 0., 0., 0., 0., 0., 0., 0., 0., 0., 0.,
       0., 0., 0., 0., 0., 0.])]";['External forces', array([0])];['Population', 'Herders'];"['State', array([  6.82389735,   3.47204764,   3.08053078,  -5.55402171,
         0.25172142,  -6.5565285 ,   5.74986563,  -0.22747552,
        -7.27465064,  12.40089024, -10.49968929,   0.2464658 ,
        -5.74839841,  13.10766456,   4.74903518,  -8.6856735 ,
        -4.70688834,   6.74805769,  -6.30207431,  -5.26193468])]";"['Control input', array([ -1.57346978,  -1.08707268,  -0.04719552,   2.05970971,
         2.79690496,   1.35778032,  -0.15961402,   3.48872511,
         0.65788495,  -1.66727426,   0.65372472,  10.10699856,
         0.87149455,  -1.77298474,   0.78679008,   1.49591223,
       -14.02760715,  -6.16700999,   1.52361881,   1.0560127 ])]";['External forces', array([0])];"['Env', array([<Environments.empty_environment.EmptyEnvironment object at 0x0000026D112A4850>],
      dtype=object)]"
['Step', 150];['Population', 'Targets'];"['State', array([ 1.9864434 , -2.97662906, -5.85590114,  9.86071657, -1.4287345 ,
        5.88058143, -7.82324043,  3.52594084, -5.4669074 , -2.72343737,
       -8.19021912,  0.45577147,  3.33350934, -0.44251292, -8.37444265,
        3.13722895,  1.31019485, -3.4992372 , -4.4196101 , -3.78243973,
       -4.63233384, 10.40136959, -9.12450547, -2.05076496,  3.35935733,
        1.06419121,  1.59062467, -3.30735723,  4.03076717,  2.54068728,
       -2.51970578, -3.87501163,  4.20666143, -6.31079542,  0.45338574,
       -4.12385731,  0.51582069, -4.06839416,  0.50214576, -1.03886443])]";"['Control input', array([0., 0., 0., 0., 0., 0., 0., 0., 0., 0., 0., 0., 0., 0., 0., 0., 0.,
       0., 0., 0., 0., 0., 0., 0., 0., 0., 0., 0., 0., 0., 0., 0., 0., 0.,
       0., 0., 0., 0., 0., 0.])]";['External forces', array([0])];['Population', 'Herders'];"['State', array([  5.72332691,   2.99907896,   1.85396727,  -5.30165533,
        -2.70824772,  -5.41316997,   5.2180269 ,   1.21992815,
        -6.8452819 ,  11.51160566, -10.06483117,   2.7299652 ,
        -5.33394971,  12.17880734,   4.9225482 ,  -7.92931309,
        -8.04556977,   5.02526167,  -8.88023023,  -3.46295517])]";"['Control input', array([-1.5021447 ,  0.5506665 , -3.82713779, -0.34127853, -9.50730036,
        2.80807519, -2.14647217,  0.91280687,  0.98356018, -1.7257522 ,
        1.4413141 ,  2.79188054,  0.75471817, -1.89196121,  0.04569423,
        1.67270028, -3.25040401, -2.98795786, -5.06881492,  3.43897531])]";['External forces', array([0])];"['Env', array([<Environments.empty_environment.EmptyEnvironment object at 0x0000026D112A4850>],
      dtype=object)]"
['Step', 160];['Population', 'Targets'];"['State', array([ 2.06964975, -2.79778508, -5.44306616,  8.90026779, -1.40474401,
        5.82928335, -7.0228458 ,  2.52795109, -5.63836085, -2.03365943,
       -7.8528366 ,  0.17348304,  2.91987666, -0.69253684, -7.29555021,
        2.32941328,  1.38722134, -2.8500634 , -4.176449  , -2.53541322,
       -4.20512836,  9.55758346, -8.64875336, -0.77893257,  2.58140848,
        1.04674572,  1.48400383, -2.90304259,  2.9098821 ,  2.38983322,
       -2.38770983, -3.51571565,  3.72465052, -5.45396279, -0.13407258,
       -3.34134803, -0.08691222, -3.27962602,  0.49453378, -1.17386037])]";"['Control input', array([0., 0., 0., 0., 0., 0., 0., 0., 0., 0., 0., 0., 0., 0., 0., 0., 0.,
       0., 0., 0., 0., 0., 0., 0., 0., 0., 0., 0., 0., 0., 0., 0., 0., 0.,
       0., 0., 0., 0., 0., 0.])]";['External forces', array([0])];['Population', 'Herders'];"['State', array([ 1.70720025,  4.98897661,  1.52788829, -4.68027669, -5.88668335,
       -3.53136909,  4.60629589, -0.11938875, -6.37019429, 10.61416771,
       -9.48700382,  1.10419496, -4.99998186, 11.2861167 ,  4.69874247,
       -7.07839561, -8.65836278,  3.46136087, -9.97075805, -1.74059115])]";"['Control input', array([-12.16446452,   7.09392501,   4.48174227,   2.82244179,
        -3.22831573,   3.21835216,  -1.30616265,  -2.80960189,
         0.88594449,  -1.84221015,   1.09102246,  -3.01780085,
         0.81760051,  -1.82461583,  -0.77388242,   1.75560795,
         0.44631745,  -2.33728963,  -0.2216142 ,   3.06886333])]";['External forces', array([0])];"['Env', array([<Environments.empty_environment.EmptyEnvironment object at 0x0000026D112A4850>],
      dtype=object)]"
['Step', 170];['Population', 'Targets'];"['State', array([ 2.16481965, -2.29847474, -4.83378414,  8.05673043, -2.39913503,
        5.4090604 , -6.26207338,  2.25921405, -5.09425773, -1.01721263,
       -6.88348226, -0.05900316,  2.63957314, -0.91771588, -6.50046485,
        1.80560731,  1.22461   , -2.16986548, -3.99890265, -2.4487352 ,
       -3.74920266,  8.69068928, -7.06582598, -0.55230175,  2.09269712,
        1.06990935,  1.34029974, -2.13352697,  2.20910786,  2.71692063,
       -2.46087276, -3.39826059,  3.63409013, -4.71881958, -0.5981633 ,
       -2.73873285, -0.41230342, -2.69047464,  0.51886571, -1.23345844])]";"['Control input', array([0., 0., 0., 0., 0., 0., 0., 0., 0., 0., 0., 0., 0., 0., 0., 0., 0.,
       0., 0., 0., 0., 0., 0., 0., 0., 0., 0., 0., 0., 0., 0., 0., 0., 0.,
       0., 0., 0., 0., 0., 0.])]";['External forces', array([0])];['Population', 'Herders'];"['State', array([-1.44722834,  6.4971222 , -0.75854255, -4.33536185, -7.04427309,
       -1.89657905,  3.81058064,  2.56169932, -5.87807367,  9.70210551,
       -8.80015075,  0.03477988, -4.56910801, 10.38898351,  4.54529501,
       -6.28383834, -8.15857226,  2.57123322, -8.42251571, -1.05455342])]";"['Control input', array([-4.57581222,  0.62283139, -8.52700854, -0.19461158, -5.13682238,
        3.93881512, -2.21456063,  3.71538155,  1.24117291, -1.74989479,
        1.81974527, -0.94634414,  0.98960608, -1.65635605, -0.31531531,
        1.69373159,  1.28006657, -1.39499903,  7.93802114,  0.99389157])]";['External forces', array([0])];"['Env', array([<Environments.empty_environment.EmptyEnvironment object at 0x0000026D112A4850>],
      dtype=object)]"
['Step', 180];['Population', 'Targets'];"['State', array([ 2.12867433, -2.33183751, -4.61378728,  7.25966043, -3.00600385,
        4.12521515, -5.41435654,  2.1281828 , -4.64885367, -0.99239959,
       -5.23807814,  1.06109084,  2.60807305, -1.0118906 , -5.4104519 ,
        1.62070676,  1.33114929, -2.16823846, -4.22987661, -1.7217365 ,
       -3.2308063 ,  8.0778646 , -5.02359284,  0.48141243,  2.06252279,
        0.84325957,  1.36434595, -2.14635257,  1.10466023,  2.34583709,
       -2.75291615, -2.05558761,  3.01616537, -3.91470631, -0.61860705,
       -2.31591493, -0.3801009 , -2.48298824,  0.46437407, -1.24659544])]";"['Control input', array([0., 0., 0., 0., 0., 0., 0., 0., 0., 0., 0., 0., 0., 0., 0., 0., 0.,
       0., 0., 0., 0., 0., 0., 0., 0., 0., 0., 0., 0., 0., 0., 0., 0., 0.,
       0., 0., 0., 0., 0., 0.])]";['External forces', array([0])];['Population', 'Herders'];"['State', array([-3.0710184 ,  5.87789246, -4.14466318, -3.20148697, -6.53407839,
       -1.29309035,  3.05288045,  2.02017472, -5.38768815,  8.83749602,
       -7.22972791,  0.65275109, -4.07662954,  9.60897206,  4.15536402,
       -5.45876743, -7.2474453 ,  2.57157403, -6.99221712, -0.02318718])]";"['Control input', array([ -2.12909917,  -2.20079348,  -4.08936303,   2.86605579,
         2.03625756,   0.10459082,   2.61497027, -12.31733006,
         0.3893423 ,  -1.6241293 ,   2.31416003,   2.05080063,
         1.06830827,  -1.17587122,  -0.93066005,   1.58559908,
         1.96151818,   0.12313606,   2.32868494,   1.99621471])]";['External forces', array([0])];"['Env', array([<Environments.empty_environment.EmptyEnvironment object at 0x0000026D112A4850>],
      dtype=object)]"
['Step', 190];['Population', 'Targets'];"['State', array([ 1.74722988, -2.66310831, -4.52456116,  6.63838389, -2.74254504,
        3.07407574, -3.99313326,  2.4024705 , -3.48252435, -0.10628665,
       -3.98248189,  1.18231029,  1.61282296, -1.68183342, -3.93611666,
        1.80396382,  1.14805494, -2.34619024, -3.23028641, -0.58176387,
       -2.61314425,  7.26330387, -3.86638928,  0.7028831 ,  1.36956446,
        0.72610112,  1.10261244, -2.22032697,  0.97480579,  2.39605466,
       -2.43730185, -1.83668662,  2.33464496, -3.36073679, -0.75573174,
       -2.21853988, -0.31583569, -2.45391439,  0.49713176, -1.23237566])]";"['Control input', array([0., 0., 0., 0., 0., 0., 0., 0., 0., 0., 0., 0., 0., 0., 0., 0., 0.,
       0., 0., 0., 0., 0., 0., 0., 0., 0., 0., 0., 0., 0., 0., 0., 0., 0.,
       0., 0., 0., 0., 0., 0.])]";['External forces', array([0])];['Population', 'Herders'];"['State', array([-3.55708313,  4.740691  , -4.80365385, -1.62598767, -5.42534062,
       -0.58941053,  3.10767792, -2.19530704, -5.32405547,  8.12126783,
       -6.01614856,  1.98092266, -3.3835963 ,  8.97209579,  3.37130106,
       -4.45172237, -5.82944715,  2.56068288, -5.95937236,  1.1785591 ])]";"['Control input', array([-0.15880137, -2.2907883 ,  0.90472756,  2.5693715 ,  0.81304338,
        5.0938659 ,  0.26461441, -7.58475545,  0.31446556, -1.23994206,
        2.68707044,  3.51861719,  1.15488731, -1.54690057, -4.8297547 ,
        6.37757552,  7.32449842, -3.21740934,  2.257435  ,  1.49875809])]";['External forces', array([0])];"['Env', array([<Environments.empty_environment.EmptyEnvironment object at 0x0000026D112A4850>],
      dtype=object)]"
['Step', 200];['Population', 'Targets'];"['State', array([ 0.5858026 , -2.19058348, -4.03741325,  6.00416701, -1.70046731,
        2.44729155, -1.8758952 ,  2.06867303, -2.25304771,  0.20585043,
       -2.11736887,  0.90841411,  1.12242914, -1.43391255, -2.04384495,
        1.53441074,  0.66470896, -2.04846696, -2.2300845 , -0.2303904 ,
       -2.20909664,  6.35727217, -2.1970009 ,  0.65567273,  1.4016216 ,
        0.69722671,  0.51220584, -1.99299302,  1.06221567,  2.34680983,
       -1.79055278, -1.78914792,  0.21598919, -3.14173487, -0.73648108,
       -2.22988697, -0.24021267, -2.42505433,  0.67651601, -1.2326973 ])]";"['Control input', array([0., 0., 0., 0., 0., 0., 0., 0., 0., 0., 0., 0., 0., 0., 0., 0., 0.,
       0., 0., 0., 0., 0., 0., 0., 0., 0., 0., 0., 0., 0., 0., 0., 0., 0.,
       0., 0., 0., 0., 0., 0.])]";['External forces', array([0])];['Population', 'Herders'];"['State', array([-3.17046687,  3.81681183, -3.58452458, -2.154099  , -4.19518939,
        0.53133467,  1.5638514 , -3.96007073, -5.02466792,  7.48734179,
       -3.74738655,  2.3643126 , -2.86981194,  8.1459201 ,  2.72194171,
       -3.95390274, -4.30347413,  2.4261288 , -4.62764894,  1.24217549])]";"['Control input', array([ 2.22076101, -1.21974569,  2.71861506, -1.88568031,  2.4469514 ,
        1.77542013, -3.8397176 , -1.5970339 ,  0.76757634, -1.42741652,
        3.18729878,  2.3238936 ,  0.9686429 , -1.83948358,  0.        ,
        0.        ,  0.        ,  0.        ,  0.        ,  0.        ])]";['External forces', array([0])];"['Env', array([<Environments.empty_environment.EmptyEnvironment object at 0x0000026D112A4850>],
      dtype=object)]"
['Step', 210];['Population', 'Targets'];"['State', array([ 0.47777869, -1.75657123, -3.61192146,  5.16651082, -0.69577957,
        1.32743247, -1.02176872,  1.25229556, -1.36916844,  0.0118109 ,
       -1.29796309,  0.761144  ,  1.10737227, -1.39445464, -1.16562754,
        1.09079717,  0.52546321, -1.64953148, -1.45560272, -0.36039775,
       -1.96965334,  5.46273156, -1.2920332 ,  0.527624  ,  1.38732838,
        0.71373027,  0.45060609, -1.64624426,  1.1670483 ,  2.21700297,
       -0.96958738, -1.21804927, -0.10524189, -2.11587852, -0.22458573,
       -1.83026359, -0.15118889, -1.84929496,  0.74390632, -1.20867543])]";"['Control input', array([0., 0., 0., 0., 0., 0., 0., 0., 0., 0., 0., 0., 0., 0., 0., 0., 0.,
       0., 0., 0., 0., 0., 0., 0., 0., 0., 0., 0., 0., 0., 0., 0., 0., 0.,
       0., 0., 0., 0., 0., 0.])]";['External forces', array([0])];['Population', 'Herders'];"['State', array([ 0.1329087 ,  3.51744496, -1.51428049, -3.08442762, -3.27041726,
       -0.03969294,  0.2631991 , -3.81386364, -4.62025091,  6.71314011,
       -2.36562787,  2.57471638, -2.57194945,  7.25474748,  2.72194171,
       -3.95390274, -4.30347413,  2.4261288 , -4.62764894,  1.24217549])]";"['Control input', array([ 5.41810622, -0.48444093,  4.27611958, -1.48524448,  1.73182127,
       -1.98338054,  1.9145015 ,  2.88090796,  0.94602274, -1.56331908,
        1.78103922, -0.8600537 ,  0.45715241, -1.76220346,  0.        ,
        0.        ,  0.        ,  0.        ,  0.        ,  0.        ])]";['External forces', array([0])];"['Env', array([<Environments.empty_environment.EmptyEnvironment object at 0x0000026D112A4850>],
      dtype=object)]"
['Step', 220];['Population', 'Targets'];"['State', array([ 0.53998873, -0.60564136, -3.1115172 ,  4.29396361, -0.02466487,
        0.83510016, -0.36408316,  0.59925568, -0.56677898,  0.12113765,
       -0.60377666,  0.35975808,  1.00340107, -0.67779921, -0.53374842,
        0.49937395,  0.62503695, -0.63023661, -0.46596265, -0.26740301,
       -1.63730343,  4.62281651, -0.60251534,  0.30545246,  1.38879835,
        0.51857393,  0.52186606, -0.58245776,  1.39865206,  0.91196015,
       -0.34579397, -0.56108035,  0.16460221, -0.66864048,  0.07712482,
       -0.58373467,  0.09115292, -0.59581198,  0.74657289, -0.57907575])]";"['Control input', array([0., 0., 0., 0., 0., 0., 0., 0., 0., 0., 0., 0., 0., 0., 0., 0., 0.,
       0., 0., 0., 0., 0., 0., 0., 0., 0., 0., 0., 0., 0., 0., 0., 0., 0.,
       0., 0., 0., 0., 0., 0.])]";['External forces', array([0])];['Population', 'Herders'];"['State', array([ 1.83378301,  2.57629813, -0.15956486, -2.56977579, -1.9975646 ,
       -1.19453707,  1.58310399, -2.38938059, -4.1630524 ,  5.8377991 ,
       -1.0866714 ,  2.26919121, -2.23175592,  6.35016656,  2.72194171,
       -3.95390274, -4.30347413,  2.4261288 , -4.62764894,  1.24217549])]";"['Control input', array([ 2.13904981, -2.71722203,  1.45868636,  1.96472516,  2.92814847,
       -1.65966357,  1.67805773,  3.03702687,  0.96480925, -1.71469759,
        3.37514134, -0.39448708,  0.54861677, -1.73863813,  0.        ,
        0.        ,  0.        ,  0.        ,  0.        ,  0.        ])]";['External forces', array([0])];"['Env', array([<Environments.empty_environment.EmptyEnvironment object at 0x0000026D112A4850>],
      dtype=object)]"
['Step', 230];['Population', 'Targets'];"['State', array([ 0.43916727,  0.10650344, -2.40315506,  3.4699908 ,  0.36014355,
        0.11993652,  0.26234058,  0.09044795,  0.17112077, -0.20220307,
        0.16414958, -0.19018452,  0.69494324,  0.36185101,  0.12474569,
       -0.14898156,  0.40998939,  0.09760758,  0.21136646, -0.20771874,
       -1.39649964,  3.74684409,  0.18393889, -0.05609525,  1.04629355,
        0.58164286,  0.47085575,  0.16384305,  0.83211604,  0.46551885,
        0.21994086, -0.19594155,  0.32224971,  0.02417025,  0.24856891,
       -0.07842292,  0.26776172, -0.10281101,  0.58445656,  0.25298976])]";"['Control input', array([0., 0., 0., 0., 0., 0., 0., 0., 0., 0., 0., 0., 0., 0., 0., 0., 0.,
       0., 0., 0., 0., 0., 0., 0., 0., 0., 0., 0., 0., 0., 0., 0., 0., 0.,
       0., 0., 0., 0., 0., 0.])]";['External forces', array([0])];['Population', 'Herders'];"['State', array([ 2.20159631,  1.54125827,  1.58527358, -0.31355376, -0.15805995,
        0.60054974,  2.08795406, -0.85655676, -3.58511638,  5.04586992,
        0.30239162,  1.72392704, -1.94931129,  5.52120993,  2.72194171,
       -3.95390274, -4.30347413,  2.4261288 , -4.62764894,  1.24217549])]";"['Control input', array([ 0.        ,  0.        ,  2.21954737,  4.71122017,  6.83957065,
        1.48529217,  0.        ,  0.        ,  1.38706538, -1.55753229,
        0.        ,  0.        ,  0.40878254, -1.78948837,  0.        ,
        0.        ,  0.        ,  0.        ,  0.        ,  0.        ])]";['External forces', array([0])];"['Env', array([<Environments.empty_environment.EmptyEnvironment object at 0x0000026D112A4850>],
      dtype=object)]"
['Step', 240];['Population', 'Targets'];"['State', array([-1.26796612, -0.77927537, -1.87415867,  2.42933107, -1.27833882,
       -0.99902425, -1.2468503 , -0.76761899, -1.30512849, -1.01052773,
       -1.24652725, -1.03272886, -1.1763416 , -0.50484015, -1.31505618,
       -1.07430426, -1.28555902, -0.85032145, -1.25989527, -1.10299291,
       -1.26903201,  2.85490853, -1.31291986, -0.75545425, -0.73641087,
       -0.01885736, -1.24167634, -0.8041329 , -1.13044624, -0.52407149,
       -1.27123052, -1.20136495, -1.25101948, -0.81541716, -1.28050657,
       -0.97312111, -1.28707804, -0.81508406, -1.22407772, -0.76180126])]";"['Control input', array([0., 0., 0., 0., 0., 0., 0., 0., 0., 0., 0., 0., 0., 0., 0., 0., 0.,
       0., 0., 0., 0., 0., 0., 0., 0., 0., 0., 0., 0., 0., 0., 0., 0., 0.,
       0., 0., 0., 0., 0., 0.])]";['External forces', array([0])];['Population', 'Herders'];"['State', array([ 2.20159631,  1.54125827, -0.26364308, -1.39400028,  1.11725605,
        0.84221381,  2.08795406, -0.85655676, -2.93856997,  4.11232076,
        0.30239162,  1.72392704, -1.80712062,  4.59911411,  2.72194171,
       -3.95390274, -4.30347413,  2.4261288 , -4.62764894,  1.24217549])]";"['Control input', array([ 0.        ,  0.        , -5.65382391, -2.65107226,  0.        ,
        0.        ,  0.        ,  0.        ,  1.07116252, -2.09838286,
        0.        ,  0.        ,  0.26187782, -1.62206449,  0.        ,
        0.        ,  0.        ,  0.        ,  0.        ,  0.        ])]";['External forces', array([0])];"['Env', array([<Environments.empty_environment.EmptyEnvironment object at 0x0000026D112A4850>],
      dtype=object)]"
['Step', 250];['Population', 'Targets'];"['State', array([-1.98930783,  0.45940563, -2.27855163,  1.18837144, -2.16867364,
        0.48977289, -1.67228342,  0.46848995, -1.9370892 ,  0.46720975,
       -1.90166285,  0.50720662, -1.33775714,  0.48423171, -2.11713166,
        0.48985039, -1.71899835,  0.4565568 , -2.09092876,  0.370045  ,
       -2.03196626,  1.32944924, -1.74229877,  0.54221278, -1.08934226,
        0.31809029, -1.57433149,  0.48800976, -1.22682714,  0.40669022,
       -2.41377558,  0.41754466, -1.7471285 ,  0.44998438, -1.94730028,
        0.45456318, -1.60110202,  0.50635103, -1.49313936,  0.38738712])]";"['Control input', array([0., 0., 0., 0., 0., 0., 0., 0., 0., 0., 0., 0., 0., 0., 0., 0., 0.,
       0., 0., 0., 0., 0., 0., 0., 0., 0., 0., 0., 0., 0., 0., 0., 0., 0.,
       0., 0., 0., 0., 0., 0.])]";['External forces', array([0])];['Population', 'Herders'];"['State', array([ 2.20159631,  1.54125827, -2.74512082, -0.83165749,  1.11725605,
        0.84221381,  2.08795406, -0.85655676, -2.81882517,  3.66945347,
       -1.70592665,  2.41465442, -1.78989566,  4.33077861,  2.72194171,
       -3.95390274, -4.30347413,  2.4261288 , -4.62764894,  1.24217549])]";"['Control input', array([ 0.        ,  0.        , -3.26732793,  4.03781387,  0.        ,
        0.        ,  0.        ,  0.        ,  0.        ,  0.        ,
       -5.48978868, -1.58170517,  0.        ,  0.        ,  0.        ,
        0.        ,  0.        ,  0.        ,  0.        ,  0.        ])]";['External forces', array([0])];"['Env', array([<Environments.empty_environment.EmptyEnvironment object at 0x0000026D112A4850>],
      dtype=object)]"
['Step', 260];['Population', 'Targets'];"['State', array([-1.14494632, -0.53002022, -1.59313939,  0.18595818, -1.37886217,
       -0.44031388, -1.20179751, -0.52257641, -1.20675219, -0.53596385,
       -1.23375591, -0.54023667, -1.22098343, -0.52431219, -1.24045841,
       -0.45697211, -1.12870364, -0.55817259, -1.2638842 , -0.52804186,
       -1.48972942,  0.21314873, -1.19048791, -0.50328786, -1.07107345,
       -0.6900809 , -1.2050324 , -0.54392168, -1.1227404 , -0.61813492,
       -1.41709086, -0.3776819 , -1.18703094, -0.51040846, -1.24035725,
       -0.39979057, -1.20834704, -0.44617239, -1.11668953, -0.62769605])]";"['Control input', array([0., 0., 0., 0., 0., 0., 0., 0., 0., 0., 0., 0., 0., 0., 0., 0., 0.,
       0., 0., 0., 0., 0., 0., 0., 0., 0., 0., 0., 0., 0., 0., 0., 0., 0.,
       0., 0., 0., 0., 0., 0.])]";['External forces', array([0])];['Population', 'Herders'];"['State', array([ 2.20159631,  1.54125827, -3.11308916,  0.22488202, -1.45842635,
        0.92435765,  2.08795406, -0.85655676, -2.81882517,  3.66945347,
       -2.72872605,  1.71924632, -1.78989566,  4.33077861,  2.72194171,
       -3.95390274, -4.30347413,  2.4261288 , -4.62764894,  1.24217549])]";"['Control input', array([ 0.        ,  0.        ,  0.        ,  0.        , -4.82107817,
       -0.47369256,  0.        ,  0.        ,  0.        ,  0.        ,
        0.        ,  0.        ,  0.        ,  0.        ,  0.        ,
        0.        ,  0.        ,  0.        ,  0.        ,  0.        ])]";['External forces', array([0])];"['Env', array([<Environments.empty_environment.EmptyEnvironment object at 0x0000026D112A4850>],
      dtype=object)]"
['Step', 270];['Population', 'Targets'];"['State', array([-0.00410108, -1.45740555, -0.04149533, -0.8575447 , -0.09350513,
       -1.6508656 , -0.06963262, -1.44317662,  0.0095407 , -1.34169841,
       -0.04317103, -1.69099951,  0.00446037, -1.54573449,  0.01255192,
       -1.20196135,  0.0227262 , -1.51745605, -0.10593941, -1.48975411,
        0.00298104, -0.6619812 ,  0.04795167, -1.4954781 ,  0.01867047,
       -1.57394739, -0.09076803, -1.56481783, -0.00182068, -1.44336741,
       -0.0805841 , -1.500998  , -0.01057902, -1.3632285 ,  0.03818553,
       -1.34458152,  0.06950281, -1.37699973, -0.03810938, -1.52697131])]";"['Control input', array([0., 0., 0., 0., 0., 0., 0., 0., 0., 0., 0., 0., 0., 0., 0., 0., 0.,
       0., 0., 0., 0., 0., 0., 0., 0., 0., 0., 0., 0., 0., 0., 0., 0., 0.,
       0., 0., 0., 0., 0., 0.])]";['External forces', array([0])];['Population', 'Herders'];"['State', array([ 2.20159631,  1.54125827, -3.11308916,  0.22488202, -1.3766695 ,
       -1.64915632,  2.08795406, -0.85655676, -2.81882517,  3.66945347,
       -2.72872605,  1.71924632, -1.78989566,  4.33077861,  2.72194171,
       -3.95390274, -4.30347413,  2.4261288 , -4.62764894,  1.24217549])]";"['Control input', array([ 0.        ,  0.        ,  0.        ,  0.        ,  3.05310821,
       -4.21000348,  0.        ,  0.        ,  0.        ,  0.        ,
        0.        ,  0.        ,  0.        ,  0.        ,  0.        ,
        0.        ,  0.        ,  0.        ,  0.        ,  0.        ])]";['External forces', array([0])];"['Env', array([<Environments.empty_environment.EmptyEnvironment object at 0x0000026D112A4850>],
      dtype=object)]"
['Step', 280];['Population', 'Targets'];"['State', array([-0.090433  , -0.34987375, -0.20874506, -0.01569626,  0.1157691 ,
       -0.82294756, -0.11272394, -0.41719504, -0.1013363 , -0.25452564,
        0.25883119, -0.99022329, -0.09414562, -0.46170783, -0.20405779,
       -0.20825877, -0.10521242, -0.67087358, -0.04087633, -0.54449555,
       -0.17760158, -0.00521633, -0.06711494, -0.54403111,  0.02518535,
       -0.62312282, -0.05396526, -0.68420948, -0.12661425, -0.40064354,
       -0.09338556, -0.5330444 , -0.13579369, -0.4072009 , -0.17996493,
       -0.36669585, -0.14549373, -0.39248937, -0.09815637, -0.49127095])]";"['Control input', array([0., 0., 0., 0., 0., 0., 0., 0., 0., 0., 0., 0., 0., 0., 0., 0., 0.,
       0., 0., 0., 0., 0., 0., 0., 0., 0., 0., 0., 0., 0., 0., 0., 0., 0.,
       0., 0., 0., 0., 0., 0.])]";['External forces', array([0])];['Population', 'Herders'];"['State', array([ 2.20159631,  1.54125827, -3.11308916,  0.22488202,  0.18572986,
       -2.45677961,  1.43713845, -1.48787186, -2.81882517,  3.66945347,
       -2.72872605,  1.71924632, -1.78989566,  4.33077861,  2.72194171,
       -3.95390274, -4.30347413,  2.4261288 , -4.62764894,  1.24217549])]";"['Control input', array([ 0.        ,  0.        ,  0.        ,  0.        ,  0.        ,
        0.        , -2.13332023, -3.1046883 ,  0.        ,  0.        ,
        0.        ,  0.        ,  0.        ,  0.        ,  0.        ,
        0.        ,  0.        ,  0.        ,  0.        ,  0.        ])]";['External forces', array([0])];"['Env', array([<Environments.empty_environment.EmptyEnvironment object at 0x0000026D112A4850>],
      dtype=object)]"
['Step', 290];['Population', 'Targets'];"['State', array([-0.33104885,  0.87395319, -0.35201267,  0.97785014, -0.44199059,
        0.82412166, -0.53373481,  0.87556428, -0.36124101,  0.95007428,
       -0.2799345 ,  0.83352939, -0.43690967,  0.87842795, -0.42537226,
        0.89104481, -0.75226425,  0.79343241, -0.65583109,  0.87833953,
       -0.19398353,  0.82229567, -0.61390442,  0.78234931, -0.51201163,
        0.87103086, -0.68094516,  0.66758061, -0.43535657,  0.90030033,
       -0.64805395,  0.85207207, -0.70436532,  0.85451124, -0.61205185,
        0.8503761 , -0.43970959,  0.94622185, -0.32878462,  0.88270034])]";"['Control input', array([0., 0., 0., 0., 0., 0., 0., 0., 0., 0., 0., 0., 0., 0., 0., 0., 0.,
       0., 0., 0., 0., 0., 0., 0., 0., 0., 0., 0., 0., 0., 0., 0., 0., 0.,
       0., 0., 0., 0., 0., 0.])]";['External forces', array([0])];['Population', 'Herders'];"['State', array([ 2.20159631,  1.54125827, -3.11308916,  0.22488202,  0.18572986,
       -2.45677961, -0.87730759, -0.16038734, -2.81882517,  3.66945347,
       -2.72872605,  1.71924632, -1.78989566,  4.33077861,  2.72194171,
       -3.95390274, -4.30347413,  2.4261288 , -4.62764894,  1.24217549])]";"['Control input', array([ 0.        ,  0.        ,  0.        ,  0.        ,  0.        ,
        0.        , -2.76316154,  5.85321614,  0.        ,  0.        ,
        0.        ,  0.        ,  0.        ,  0.        ,  0.        ,
        0.        ,  0.        ,  0.        ,  0.        ,  0.        ])]";['External forces', array([0])];"['Env', array([<Environments.empty_environment.EmptyEnvironment object at 0x0000026D112A4850>],
      dtype=object)]"
['Step', 300];['Population', 'Targets'];"['State', array([0.73267202, 1.21836487, 0.76630028, 1.76154409, 0.59105343,
       1.13172782, 0.7657344 , 1.84699679, 0.75098202, 1.46885618,
       0.68877566, 1.4949925 , 0.73296145, 1.67141565, 0.83989239,
       2.0052814 , 0.72040212, 1.74652973, 0.77941306, 2.21754635,
       0.58533614, 0.66939064, 0.67413353, 1.58998704, 0.5891502 ,
       1.05077956, 0.64381826, 1.42357573, 0.71071949, 1.60941196,
       0.71159128, 1.49885521, 0.77328208, 2.0762494 , 0.7678387 ,
       1.71365978, 0.85050575, 2.14898948, 0.71020543, 1.52102064])]";"['Control input', array([0., 0., 0., 0., 0., 0., 0., 0., 0., 0., 0., 0., 0., 0., 0., 0., 0.,
       0., 0., 0., 0., 0., 0., 0., 0., 0., 0., 0., 0., 0., 0., 0., 0., 0.,
       0., 0., 0., 0., 0., 0.])]";['External forces', array([0])];['Population', 'Herders'];"['State', array([ 2.20159631,  1.54125827, -3.11308916,  0.22488202,  0.18572986,
       -2.45677961,  0.02105878,  2.41648496, -2.81882517,  3.66945347,
       -2.72872605,  1.71924632, -1.78989566,  4.33077861,  2.72194171,
       -3.95390274, -4.30347413,  2.4261288 , -4.62764894,  1.24217549])]";"['Control input', array([0.        , 0.        , 0.        , 0.        , 0.        ,
       0.        , 3.53680642, 3.31614669, 0.        , 0.        ,
       0.        , 0.        , 0.        , 0.        , 0.        ,
       0.        , 0.        , 0.        , 0.        , 0.        ])]";['External forces', array([0])];"['Env', array([<Environments.empty_environment.EmptyEnvironment object at 0x0000026D112A4850>],
      dtype=object)]"
['Step', 310];['Population', 'Targets'];"['State', array([ 0.15556758,  0.39577656,  0.05238813,  0.54007322,  0.13383206,
        0.38828939,  0.01802974,  0.5493529 ,  0.05811445,  0.47362917,
        0.10206465,  0.41028962,  0.08153687,  0.45604078,  0.05057405,
        0.60125947, -0.01882405,  0.54331256,  0.13809195,  0.78737913,
        0.19363585,  0.29641888, -0.08444509,  0.5046335 ,  0.16029154,
        0.31523434,  0.1092885 ,  0.40953874, -0.02605862,  0.50954337,
        0.09783829,  0.39071913, -0.04770922,  0.60695204, -0.00442225,
        0.50171981,  0.02646274,  0.79733788,  0.21771622,  0.45026065])]";"['Control input', array([0., 0., 0., 0., 0., 0., 0., 0., 0., 0., 0., 0., 0., 0., 0., 0., 0.,
       0., 0., 0., 0., 0., 0., 0., 0., 0., 0., 0., 0., 0., 0., 0., 0., 0.,
       0., 0., 0., 0., 0., 0.])]";['External forces', array([0])];['Population', 'Herders'];"['State', array([ 1.19118174,  2.24782326, -3.11308916,  0.22488202,  0.18572986,
       -2.45677961,  0.85296426,  2.88776953, -2.81882517,  3.66945347,
       -2.72872605,  1.71924632, -1.78989566,  4.33077861,  2.72194171,
       -3.95390274, -4.30347413,  2.4261288 , -4.62764894,  1.24217549])]";"['Control input', array([-3.66466855, -0.23197032,  0.        ,  0.        ,  0.        ,
        0.        ,  0.        ,  0.        ,  0.        ,  0.        ,
        0.        ,  0.        ,  0.        ,  0.        ,  0.        ,
        0.        ,  0.        ,  0.        ,  0.        ,  0.        ])]";['External forces', array([0])];"['Env', array([<Environments.empty_environment.EmptyEnvironment object at 0x0000026D112A4850>],
      dtype=object)]"
['Step', 320];['Population', 'Targets'];"['State', array([ 0.02225683, -0.36780713,  0.02113813, -0.31923069,  0.02723881,
       -0.40345595, -0.21094903, -0.35198576, -0.08934298, -0.36454504,
        0.05241683, -0.34670574, -0.04570834, -0.40488268, -0.31327089,
       -0.35050565, -0.33931686, -0.37219597, -0.18037696, -0.38454027,
        0.03641216, -0.34159392, -0.46872558, -0.30560796, -0.00350015,
       -0.33804388,  0.0277076 , -0.29465119, -0.17985862, -0.36127174,
        0.28978751, -0.36360232, -0.21806998, -0.37092077, -0.01393952,
       -0.2904025 , -0.30958763, -0.28539706,  0.08072151, -0.43571055])]";"['Control input', array([0., 0., 0., 0., 0., 0., 0., 0., 0., 0., 0., 0., 0., 0., 0., 0., 0.,
       0., 0., 0., 0., 0., 0., 0., 0., 0., 0., 0., 0., 0., 0., 0., 0., 0.,
       0., 0., 0., 0., 0., 0.])]";['External forces', array([0])];['Population', 'Herders'];"['State', array([-0.71713305,  0.90090286, -3.11308916,  0.22488202,  0.18572986,
       -2.45677961,  0.85296426,  2.88776953, -2.81882517,  3.66945347,
       -2.72872605,  1.71924632, -1.78989566,  4.33077861,  2.72194171,
       -3.95390274, -4.30347413,  2.4261288 , -4.62764894,  1.24217549])]";"['Control input', array([-3.13276806, -5.62794697,  0.        ,  0.        ,  0.        ,
        0.        ,  0.        ,  0.        ,  0.        ,  0.        ,
        0.        ,  0.        ,  0.        ,  0.        ,  0.        ,
        0.        ,  0.        ,  0.        ,  0.        ,  0.        ])]";['External forces', array([0])];"['Env', array([<Environments.empty_environment.EmptyEnvironment object at 0x0000026D112A4850>],
      dtype=object)]"
['Step', 330];['Population', 'Targets'];"['State', array([ 1.85996801, -0.08645584,  1.819163  ,  0.04135961,  1.95532888,
       -0.47092927,  1.78331317, -0.41056215,  1.78470491, -0.28385469,
        1.90942976, -0.2862861 ,  1.98251202, -0.3347659 ,  1.70321792,
       -0.86804444,  1.6621677 , -0.84956629,  1.84228841, -0.36415896,
        2.02372303, -0.30732281,  0.0127313 , -1.09888411,  1.84588844,
       -0.06083771,  1.80295316, -0.08004328,  1.85008331, -0.26085686,
        1.97742179, -0.02322912,  1.69329449, -0.94742751,  1.88804342,
       -0.19360976,  1.62827825, -0.98034012,  1.92530287, -0.24689597])]";"['Control input', array([0., 0., 0., 0., 0., 0., 0., 0., 0., 0., 0., 0., 0., 0., 0., 0., 0.,
       0., 0., 0., 0., 0., 0., 0., 0., 0., 0., 0., 0., 0., 0., 0., 0., 0.,
       0., 0., 0., 0., 0., 0.])]";['External forces', array([0])];['Population', 'Herders'];"['State', array([ 1.24358627, -0.48300921, -3.11308916,  0.22488202,  0.18572986,
       -2.45677961,  0.85296426,  2.88776953, -2.81882517,  3.66945347,
       -2.72872605,  1.71924632, -1.78989566,  4.33077861,  2.72194171,
       -3.95390274, -4.30347413,  2.4261288 , -4.62764894,  1.24217549])]";"['Control input', array([ 6.18628919, -0.37357827,  0.        ,  0.        ,  0.        ,
        0.        ,  0.        ,  0.        ,  0.        ,  0.        ,
        0.        ,  0.        ,  0.        ,  0.        ,  0.        ,
        0.        ,  0.        ,  0.        ,  0.        ,  0.        ])]";['External forces', array([0])];"['Env', array([<Environments.empty_environment.EmptyEnvironment object at 0x0000026D112A4850>],
      dtype=object)]"
['Step', 340];['Population', 'Targets'];"['State', array([ 2.33475587,  1.20192775,  2.1546726 ,  1.10386399,  4.36305635,
        0.29633664,  2.92670031,  1.04750575,  2.33496821,  1.1421825 ,
        2.92232122,  1.28542113,  3.12652409,  1.06451702,  2.03601633,
       -1.96227073,  1.9616036 , -2.0205243 ,  2.94487007,  1.16674663,
        3.169047  ,  1.2187018 , -0.3070182 ,  0.05368168,  2.41860185,
        1.30508032,  2.18360628,  1.08947458,  2.66772299,  1.19537774,
        2.36780406,  1.23966373,  1.8234694 , -1.95803677,  2.46660367,
        1.21062175,  1.76848098, -1.95141759,  2.90238624,  1.20880375])]";"['Control input', array([0., 0., 0., 0., 0., 0., 0., 0., 0., 0., 0., 0., 0., 0., 0., 0., 0.,
       0., 0., 0., 0., 0., 0., 0., 0., 0., 0., 0., 0., 0., 0., 0., 0., 0.,
       0., 0., 0., 0., 0., 0.])]";['External forces', array([0])];['Population', 'Herders'];"['State', array([ 4.02046885, -0.40761447, -3.11308916,  0.22488202, -0.91386939,
       -1.40621979,  1.25391396,  2.73836435, -2.81882517,  3.66945347,
       -2.72872605,  1.71924632, -1.78989566,  4.33077861,  2.80034025,
       -3.67394178, -4.30347413,  2.4261288 , -4.62764894,  1.24217549])]";"['Control input', array([ 5.08417398,  1.7146409 ,  0.        ,  0.        , -2.37119979,
        4.15485542,  8.01899402, -2.98810355,  0.        ,  0.        ,
        0.        ,  0.        ,  0.        ,  0.        ,  0.67686788,
        2.61252249,  0.        ,  0.        ,  0.        ,  0.        ])]";['External forces', array([0])];"['Env', array([<Environments.empty_environment.EmptyEnvironment object at 0x0000026D112A4850>],
      dtype=object)]"
['Step', 350];['Population', 'Targets'];"['State', array([ 2.16582667,  0.20384   ,  2.11815955,  0.04323341,  4.58006677,
        2.02879715,  2.54851301,  0.19091865,  2.25141966,  0.15297884,
        2.62998819,  0.25655027,  2.75066546,  0.08352047,  1.61633962,
       -1.05544445,  1.27514775, -1.29663698,  2.66964437,  0.10023265,
        2.84411161,  0.21105658,  1.34055624,  0.90789856,  2.27764928,
        0.27457302,  2.12443959,  0.11990621,  2.31458249,  0.20056266,
        2.29781868,  0.11059209,  1.30983661, -1.31945887,  2.19887746,
        0.15961819,  1.32622772, -1.30951208,  2.63431603,  0.15338415])]";"['Control input', array([0., 0., 0., 0., 0., 0., 0., 0., 0., 0., 0., 0., 0., 0., 0., 0., 0.,
       0., 0., 0., 0., 0., 0., 0., 0., 0., 0., 0., 0., 0., 0., 0., 0., 0.,
       0., 0., 0., 0., 0., 0.])]";['External forces', array([0])];['Population', 'Herders'];"['State', array([ 5.32067118,  1.33452242, -3.11308916,  0.22488202,  0.73091624,
        0.81108174,  3.63904447,  1.4429352 , -2.81882517,  3.66945347,
       -2.72872605,  1.71924632, -1.78989566,  4.33077861,  2.81841006,
       -2.50830215, -4.30347413,  2.4261288 , -4.62764894,  1.24217549])]";"['Control input', array([ 1.32371182,  3.32536601,  0.        ,  0.        ,  9.3198039 ,
       -1.96887248,  1.72508354, -3.40648304,  0.        ,  0.        ,
        0.        ,  0.        ,  0.        ,  0.        , -0.4001054 ,
        2.13106883,  0.        ,  0.        ,  0.        ,  0.        ])]";['External forces', array([0])];"['Env', array([<Environments.empty_environment.EmptyEnvironment object at 0x0000026D112A4850>],
      dtype=object)]"
['Step', 360];['Population', 'Targets'];"['State', array([ 1.8640853 , -0.70699333,  1.54611756, -0.5717492 ,  3.61178924,
        3.7410055 ,  3.27764935, -1.37815599,  1.77504095, -0.55197413,
        3.58942916, -1.52090517,  3.84273814, -1.46791499,  0.62153497,
       -0.93241519,  0.35471538, -1.19873583,  3.35856946, -1.44250508,
        3.51846779, -1.51352461,  1.40823714,  2.05367111,  2.03759977,
       -0.74118331,  2.0574106 , -0.67711391,  2.29066923, -0.90921553,
        2.00405699, -0.65143964,  0.38312919, -1.13141162,  1.78312115,
       -0.58661498,  0.43641474, -1.11849424,  3.11942088, -1.34346611])]";"['Control input', array([0., 0., 0., 0., 0., 0., 0., 0., 0., 0., 0., 0., 0., 0., 0., 0., 0.,
       0., 0., 0., 0., 0., 0., 0., 0., 0., 0., 0., 0., 0., 0., 0., 0., 0.,
       0., 0., 0., 0., 0., 0.])]";['External forces', array([0])];['Population', 'Herders'];"['State', array([ 5.16402594,  3.50734744, -3.11308916,  0.22488202,  3.69052028,
       -0.68098324,  3.18882029,  1.83858065, -2.81882517,  3.66945347,
       -2.72872605,  1.71924632, -1.78989566,  4.33077861,  2.40782182,
       -1.99424837, -4.30347413,  2.4261288 , -4.62764894,  1.24217549])]";"['Control input', array([-1.82500833,  3.63487365,  0.        ,  0.        ,  4.12848623,
       -3.63666282, -3.42478919,  4.28609547,  0.        ,  0.        ,
        0.        ,  0.        ,  0.        ,  0.        ,  3.50288127,
        2.55363546,  0.        ,  0.        ,  0.        ,  0.        ])]";['External forces', array([0])];"['Env', array([<Environments.empty_environment.EmptyEnvironment object at 0x0000026D112A4850>],
      dtype=object)]"
['Step', 370];['Population', 'Targets'];"['State', array([ 1.52523143, -0.2500645 ,  1.25616   , -0.34925081,  2.50843007,
        4.62248333,  2.83149933, -0.78703629,  1.50940601, -0.30364069,
        4.82363444, -4.5282042 ,  5.80125313, -4.13855838,  0.56125518,
       -0.96882798,  0.37176887, -1.18291562,  2.93041617, -0.90270939,
        4.1281937 , -4.50076889,  0.17946825,  1.75302905,  1.80936989,
       -0.27057953,  1.58191819, -0.22527488,  1.8636425 , -0.40445881,
        1.67682499, -0.23960886,  0.38446598, -1.02323927,  1.41280757,
       -0.22953818,  0.43398023, -1.1567534 ,  2.43426053, -0.57453557])]";"['Control input', array([0., 0., 0., 0., 0., 0., 0., 0., 0., 0., 0., 0., 0., 0., 0., 0., 0.,
       0., 0., 0., 0., 0., 0., 0., 0., 0., 0., 0., 0., 0., 0., 0., 0., 0.,
       0., 0., 0., 0., 0., 0.])]";['External forces', array([0])];['Population', 'Herders'];"['State', array([ 3.94429548,  5.0180172 , -0.9920274 , -0.71891469,  5.58519238,
       -2.97997014,  1.87204083,  2.30333349, -2.81882517,  3.66945347,
       -2.72872605,  1.71924632, -1.78989566,  4.33077861,  4.78879102,
       -3.4032126 , -4.30347413,  2.4261288 , -4.62764894,  1.24217549])]";"['Control input', array([ -2.48445889,   2.37541819,  12.77846094,   0.85554087,
         3.7361273 ,  -5.50236271,   4.24539026, -10.51038635,
         0.        ,   0.        ,   0.        ,   0.        ,
         0.        ,   0.        ,   3.59928675,  -5.7379977 ,
         0.        ,   0.        ,   0.        ,   0.        ])]";['External forces', array([0])];"['Env', array([<Environments.empty_environment.EmptyEnvironment object at 0x0000026D112A4850>],
      dtype=object)]"
['Step', 380];['Population', 'Targets'];"['State', array([ 1.47328005,  0.38352091,  1.62567523,  0.48261435,  1.47202108,
        4.0183054 ,  3.32908067, -2.43282663,  1.72941373,  0.15827711,
        3.48386302, -6.23126484,  7.11821229, -6.75381349,  1.19648075,
       -2.37598064,  0.7147233 , -2.47034454,  3.68472435, -2.21207554,
        3.04525779, -5.01198804,  0.30654122,  1.67257569,  2.05771147,
        0.0897022 ,  1.75377911,  0.34863384,  2.90285459, -1.62534652,
        2.02002908, -0.05247405,  0.70157724, -2.28047615,  1.40009584,
        0.52487507,  0.67480242, -2.42628971,  3.1893372 , -2.32726423])]";"['Control input', array([0., 0., 0., 0., 0., 0., 0., 0., 0., 0., 0., 0., 0., 0., 0., 0., 0.,
       0., 0., 0., 0., 0., 0., 0., 0., 0., 0., 0., 0., 0., 0., 0., 0., 0.,
       0., 0., 0., 0., 0., 0.])]";['External forces', array([0])];['Population', 'Herders'];"['State', array([ 2.63979697,  5.39886831,  2.88243892, -1.50552918,  7.27513493,
       -5.82891082,  3.74374469, -0.72235849, -2.81882517,  3.66945347,
       -1.1233438 ,  2.41589678, -1.78989566,  4.33077861,  4.86860347,
       -6.11945414, -4.30347413,  2.4261288 , -4.62764894,  1.24217549])]";"['Control input', array([-2.32877903, -0.38611428,  6.27486689, -3.63108968,  2.56810636,
       -5.52973366,  0.        ,  0.        ,  0.        ,  0.        ,
        5.15756122,  1.79132516,  0.        ,  0.        , -2.02145529,
       -4.11307418,  0.        ,  0.        ,  0.        ,  0.        ])]";['External forces', array([0])];"['Env', array([<Environments.empty_environment.EmptyEnvironment object at 0x0000026D112A4850>],
      dtype=object)]"
['Step', 390];['Population', 'Targets'];"['State', array([ 1.24263394,  0.56041447,  1.28917683,  0.68332584,  1.2233819 ,
        3.79120847,  2.69389723, -3.96676046,  1.21176879,  0.32772145,
        2.21609917, -5.83506471,  5.75018152, -7.90500214,  1.03907565,
       -2.45940365,  0.67616191, -2.48702478,  4.00678592, -4.59216133,
        2.65722723, -4.90513932,  1.11533265,  0.84705885,  1.3129766 ,
        0.46614957,  1.31916485,  0.57251349,  1.75422305, -2.81657087,
        1.22381043,  0.3175    ,  0.68357007, -2.38698814,  1.23404064,
        0.64277386,  0.54499985, -2.58832592,  2.56587395, -3.88638445])]";"['Control input', array([0., 0., 0., 0., 0., 0., 0., 0., 0., 0., 0., 0., 0., 0., 0., 0., 0.,
       0., 0., 0., 0., 0., 0., 0., 0., 0., 0., 0., 0., 0., 0., 0., 0., 0.,
       0., 0., 0., 0., 0., 0.])]";['External forces', array([0])];['Population', 'Herders'];"['State', array([ 1.75090479,  4.59473676,  4.66094895, -3.86515773,  7.22869507,
       -8.06683417,  2.82913896, -1.74296394, -2.81882517,  3.66945347,
        1.12495513,  2.71080561, -1.78989566,  4.33077861,  3.50407734,
       -6.99562603, -4.30347413,  2.4261288 , -4.62764894,  1.24217549])]";"['Control input', array([-0.1478031 ,  1.33791299,  1.29621394, -5.04125242, -2.12053458,
       -2.93277545, -0.90396078, -7.09741171,  0.        ,  0.        ,
        4.38617043, -4.79987206,  0.        ,  0.        , -2.65315213,
       -0.27006404,  0.        ,  0.        ,  0.        ,  0.        ])]";['External forces', array([0])];"['Env', array([<Environments.empty_environment.EmptyEnvironment object at 0x0000026D112A4850>],
      dtype=object)]"
['Step', 400];['Population', 'Targets'];"['State', array([ 0.68638477, -0.36867624,  0.89862883, -0.37607076,  0.19311698,
        3.10941122,  1.29951145, -4.61209667,  0.82680287, -0.44465567,
        1.17488708, -5.20895916,  4.62183982, -7.54963179,  0.68366228,
       -2.42939718,  0.4824749 , -2.54807788,  2.67317875, -5.6813465 ,
        1.21631646, -4.93331837,  0.55521064, -0.08799942,  0.91108174,
       -0.44253342,  0.94948043, -0.43890226,  1.08332694, -2.91577589,
        0.84282417, -0.45774474,  0.40436095, -2.62881235,  0.87848452,
       -0.39426788,  0.41936054, -2.46983782,  1.27225788, -4.54412767])]";"['Control input', array([0., 0., 0., 0., 0., 0., 0., 0., 0., 0., 0., 0., 0., 0., 0., 0., 0.,
       0., 0., 0., 0., 0., 0., 0., 0., 0., 0., 0., 0., 0., 0., 0., 0., 0.,
       0., 0., 0., 0., 0., 0.])]";['External forces', array([0])];['Population', 'Herders'];"['State', array([ 0.88782234,  4.72033096,  3.34859142, -4.1951645 ,  6.04675689,
       -8.64793277,  3.25275225, -5.22625427, -2.81882517,  3.66945347,
        2.15559713,  0.54805167, -1.78989566,  4.33077861,  2.35261854,
       -6.48765438, -4.30347413,  2.4261288 , -4.62764894,  1.24217549])]";"['Control input', array([-1.89148311, -0.8329234 , -6.61492565,  0.3225933 , -2.27228641,
       -0.04084095,  0.4097091 , -5.17570901,  0.        ,  0.        ,
        0.27459617, -4.63162947,  0.        ,  0.        , -2.46606783,
        0.0764726 ,  0.        ,  0.        ,  0.        ,  0.        ])]";['External forces', array([0])];"['Env', array([<Environments.empty_environment.EmptyEnvironment object at 0x0000026D112A4850>],
      dtype=object)]"
['Step', 410];['Population', 'Targets'];"['State', array([-7.88256339e-02, -3.04124181e-01,  5.56698240e-02, -4.10670217e-01,
       -2.20190931e-02,  2.10768372e+00, -1.43722688e-01, -4.35716122e+00,
       -6.24603710e-03, -5.45951771e-01, -2.44753226e-01, -4.82576185e+00,
        4.16342172e+00, -6.77569348e+00, -1.31475238e-01, -2.83854781e+00,
       -1.84931348e-01, -2.85088079e+00, -1.86072335e-01, -6.30340578e+00,
       -1.65784618e-01, -4.55897822e+00, -5.49278044e-02, -1.05612596e-01,
        1.25719193e-01, -4.30270817e-01, -1.93716887e-02, -6.06424381e-01,
        6.60319665e-02, -3.36837999e+00,  1.05305605e-01, -4.20718980e-01,
       -2.98478394e-01, -2.78391919e+00,  1.10320080e-01, -4.24058187e-01,
       -3.41236470e-01, -2.66545968e+00, -1.10254163e-01, -4.33889789e+00])]";"['Control input', array([0., 0., 0., 0., 0., 0., 0., 0., 0., 0., 0., 0., 0., 0., 0., 0., 0.,
       0., 0., 0., 0., 0., 0., 0., 0., 0., 0., 0., 0., 0., 0., 0., 0., 0.,
       0., 0., 0., 0., 0., 0.])]";['External forces', array([0])];['Population', 'Herders'];"['State', array([ 0.26834252,  3.95517773,  1.31975936, -6.38252303,  5.2034351 ,
       -8.30975426,  2.42854159, -4.08855105, -2.81882517,  3.66945347,
        1.15337227, -3.21055563, -1.78989566,  4.33077861,  1.39288581,
       -5.68714485, -4.30347413,  2.4261288 , -4.62764894,  1.24217549])]";"['Control input', array([-1.08475328, -1.710269  , -4.30947072, -3.88084442, -1.11993434,
        1.32516251,  0.        ,  0.        ,  0.        ,  0.        ,
       -4.07402148, -8.29028765,  0.        ,  0.        , -5.34635219,
       -1.58543035,  0.        ,  0.        ,  0.        ,  0.        ])]";['External forces', array([0])];"['Env', array([<Environments.empty_environment.EmptyEnvironment object at 0x0000026D112A4850>],
      dtype=object)]"
['Step', 420];['Population', 'Targets'];"['State', array([-0.10951175, -0.39195806, -0.00751991, -0.44406489, -0.03521151,
        1.05653099, -2.01386756, -3.89599299,  0.08809152, -0.536433  ,
       -2.30134963, -4.67880785,  3.71158801, -6.02404986, -0.65070885,
       -2.43044179, -0.67839105, -2.42309302, -2.27022905, -6.33388936,
       -2.19797868, -4.28517731,  0.0356423 , -0.1032254 ,  0.03037458,
       -0.41907188, -0.03659855, -0.57567795, -1.00307477, -2.65825777,
        0.18087899, -0.33719438, -0.72027742, -2.44171624,  0.06174739,
       -0.33267125, -0.7256253 , -2.29254368, -1.93541517, -3.71583882])]";"['Control input', array([0., 0., 0., 0., 0., 0., 0., 0., 0., 0., 0., 0., 0., 0., 0., 0., 0.,
       0., 0., 0., 0., 0., 0., 0., 0., 0., 0., 0., 0., 0., 0., 0., 0., 0.,
       0., 0., 0., 0., 0., 0.])]";['External forces', array([0])];['Population', 'Herders'];"['State', array([-0.02096016,  2.98397625, -0.53183194, -6.45916766,  4.68308059,
       -7.53783371,  2.42854159, -4.08855105, -2.81882517,  3.66945347,
       -1.16942182, -5.86756007, -1.78989566,  4.33077861, -0.03643624,
       -4.31741294, -4.30347413,  2.4261288 , -4.62764894,  1.24217549])]";"['Control input', array([-0.28922312, -1.98767816,  0.65647874,  7.97301923, -1.03992593,
        1.41250658,  0.        ,  0.        ,  0.        ,  0.        ,
       -4.32221094, -5.80565404,  0.        ,  0.        , -4.68596401,
        1.55106039,  0.        ,  0.        ,  0.        ,  0.        ])]";['External forces', array([0])];"['Env', array([<Environments.empty_environment.EmptyEnvironment object at 0x0000026D112A4850>],
      dtype=object)]"
['Step', 430];['Population', 'Targets'];"['State', array([-0.14416567, -0.9123985 ,  0.26558249, -0.90295875,  0.1288311 ,
       -0.46685415, -2.85284809, -2.82026902,  0.11604305, -1.02093682,
       -3.72386308, -3.80124733,  3.5097722 , -5.46261547, -0.83218492,
       -2.024923  , -0.64166266, -1.99948091, -4.54301218, -6.19073428,
       -3.38478396, -3.28429255,  0.14195998, -0.73060374,  0.19596033,
       -0.84631797, -0.15712469, -1.09641404, -1.143553  , -2.16289617,
        0.39520448, -0.82862438, -0.61385905, -2.07692758,  0.31091034,
       -0.84059995, -0.75701464, -1.99449037, -2.57087727, -2.71850408])]";"['Control input', array([0., 0., 0., 0., 0., 0., 0., 0., 0., 0., 0., 0., 0., 0., 0., 0., 0.,
       0., 0., 0., 0., 0., 0., 0., 0., 0., 0., 0., 0., 0., 0., 0., 0., 0.,
       0., 0., 0., 0., 0., 0.])]";['External forces', array([0])];['Population', 'Herders'];"['State', array([-0.21944833,  0.02408256, -1.64672541, -4.13230794,  4.31999726,
       -6.87830228,  2.42854159, -4.08855105, -2.81882517,  3.66945347,
       -3.60141931, -7.15885499, -1.78989566,  4.33077861, -3.09702266,
       -4.99680559, -4.30347413,  2.4261288 , -4.62764894,  1.24217549])]";"['Control input', array([-0.55810663, -7.54765904, -7.17230722,  0.91028111, -0.41839165,
        1.07003045,  0.        ,  0.        ,  0.        ,  0.        ,
       -5.0647148 , -0.51680256,  0.        ,  0.        , -4.68940651,
        0.49861186,  0.        ,  0.        ,  0.        ,  0.        ])]";['External forces', array([0])];"['Env', array([<Environments.empty_environment.EmptyEnvironment object at 0x0000026D112A4850>],
      dtype=object)]"
